objectname,objectid,rating,numplays,weight,own,fortrade,want,wanttobuy,wanttoplay,prevowned,preordered,wishlist,wishlistpriority,wishlistcomment,comment,conditiontext,haspartslist,wantpartslist,collid,baverage,average,avgweight,rank,numowned,objecttype,originalname,minplayers,maxplayers,playingtime,maxplaytime,minplaytime,yearpublished,bggrecplayers,bggbestplayers,bggrecagerange,bgglanguagedependence,publisherid,imageid,year,language,other,itemtype,barcode,pricepaid,pp_currency,currvalue,cv_currency,acquisitiondate,acquiredfrom,quantity,privatecomment,invlocation,invdate,version_publishers,version_languages,version_yearpublished,version_nickname
"20 Second Showdown","276431","0","0","0","1","0","0","0","0","0","0","0","3","","","","","","109202226","5.57836","6.61768","1","9608","641","thing","20 Second Showdown","5","20","0","0","0","2019","5,7,8,9,10,11,12,13","6,7","8+","","","","","","","standalone","","","","","","","","","","","","","","",""
"20 Second Showdown","276431","0","0","0","1","0","0","0","0","0","0","0","3","","","","","","120475017","5.57836","6.61768","1","9608","641","thing","20 Second Showdown","5","20","0","0","0","2019","5,7,8,9,10,11,12,13","6,7","8+","","","","","","","standalone","","","","","","","","","","","","","","",""
"Alien Frontiers","48726","0","0","0","1","0","0","0","0","0","0","0","3","","","","","","120474845","7.11775","7.35742","2.5674","351","15580","thing","Alien Frontiers","2","4","90","90","90","2010","2,3,4","3,4","10+","Moderate in-game text - needs crib sheet or paste ups","","","","","","standalone","","","","","","","","","","","","","","",""
"Art Robbery","341935","0","0","0","1","0","0","0","0","0","0","0","3","","","","","","109202135","5.8983","6.8642","1.15","3544","1425","thing","Art Robbery","2","5","20","20","20","2021","3,4,5","4","8+","No necessary in-game text","","","","","","standalone","","","","","","","","","","","","","","",""
"Articulate!: New Zealand Edition","359593","0","0","0","1","0","0","0","0","0","0","0","3","","","","","","106763431","0","7.66667","0","0","24","thing","Articulate!: New Zealand Edition","4","8","60","60","15","2010","","","","","","","","","","standalone","","","","","","","","","","","","","","",""
"Azul: Crystal Mosaic","294345","0","0","0","1","0","0","0","0","0","0","0","3","","","","","","120474995","6.34512","7.28134","1.7619","0","9914","thing","Azul: Crystal Mosaic","2","4","45","45","30","2020","2,3,4","2","8+","No necessary in-game text","","","","","","expansion","","","","","","","","","","","","","","",""
"Azul: Master Chocolatier","363247","0","0","0","1","0","0","0","0","0","0","0","3","","","","","","109202047","6.61359","7.90388","1.8043","1001","5192","thing","Azul: Master Chocolatier","2","4","45","45","30","2022","2,3,4","2,3","8+","No necessary in-game text","","","","","","standalone","","","","","","","","","","","","","","",""
"Azul: Master Chocolatier","363247","0","0","0","1","0","0","0","0","0","0","0","3","","","","","","120475000","6.61359","7.90388","1.8043","1001","5192","thing","Azul: Master Chocolatier","2","4","45","45","30","2022","2,3,4","2,3","8+","No necessary in-game text","","","","","","standalone","","","","","","","","","","","","","","",""
"Azul: Summer Pavilion","287954","0","0","0","1","0","0","0","0","0","0","0","3","","","","","","109202045","7.34054","7.63013","2.0609","198","26510","thing","Azul: Summer Pavilion","2","4","45","45","30","2019","2,3,4","2,3","8+","No necessary in-game text","","","","","","standalone","","","","","","","","","","","","","","",""
"Azul: Summer Pavilion","287954","0","0","0","1","0","0","0","0","0","0","0","3","","","","","","120474977","7.34054","7.63013","2.0609","198","26510","thing","Azul: Summer Pavilion","2","4","45","45","30","2019","2,3,4","2,3","8+","No necessary in-game text","","","","","","standalone","","","","","","","","","","","","","","",""
"Azul: Summer Pavilion – Glazed Pavilion","332613","0","0","0","1","0","0","0","0","0","0","0","3","","","","","","109202054","5.9348","7.65012","2.2222","0","3487","thing","Azul: Summer Pavilion – Glazed Pavilion","2","4","45","45","30","2021","2,3,4","2","8+","No necessary in-game text","","","","","","expansion","","","","","","","","","","","","","","",""
"Azul: Summer Pavilion – Glazed Pavilion","332613","0","0","0","1","0","0","0","0","0","0","0","3","","","","","","120474988","5.9348","7.65012","2.2222","0","3487","thing","Azul: Summer Pavilion – Glazed Pavilion","2","4","45","45","30","2021","2,3,4","2","8+","No necessary in-game text","","","","","","expansion","","","","","","","","","","","","","","",""
"Bananagrams","27225","0","0","0","1","0","0","0","0","0","0","0","3","","","","","","106762356","6.20424","6.39694","1.2989","2008","25221","thing","Bananagrams","1","8","15","15","15","2006","2,3,4,5,6","3,4,5","10+","No necessary in-game text","","","","","","standalone","","","","","","","","","","","","","","",""
"Best Treehouse Ever: Forest of Fun","232823","0","0","0","1","0","0","0","0","0","0","0","3","","","","","","120474818","5.57911","6.55947","1.5","9577","629","thing","Best Treehouse Ever: Forest of Fun","1","4","30","30","20","2018","1,3,4","4","","","","","","","","standalone","","","","","","","","","","","","","","",""
"Bloc by Bloc: Uprising","356768","0","0","0","1","0","0","0","0","0","0","0","3","","","","","","106762347","5.80971","7.2578","2.6429","4268","1474","thing","Bloc by Bloc: Uprising","1","4","120","120","60","2022","1,2,3,4","4","10+","Moderate in-game text - needs crib sheet or paste ups","","","","","","standalone","","","","","","","","","","","","","","",""
"Block Block Burrito","383009","0","0","0","1","0","0","0","0","0","0","0","3","","","","","","106762982","0","7.80769","1","0","169","thing","Block Block Burrito","2","6","15","15","15","2023","","","","","","","","","","expansion","","","","","","","","","","","","","","",""
"Bohnanza","11","0","0","0","1","0","0","0","0","0","0","0","3","","","","","","106762864","6.94418","7.05922","1.6678","526","73047","thing","Bohnanza","2","7","45","45","45","1997","3,4,5,6,7","4,5","8+","No necessary in-game text","","","","","","standalone","","","","","","","","","","","","","","",""
"Carcassonne Big Box 6","230914","0","0","0","1","0","0","0","0","0","0","0","3","","","","","","109201620","7.14715","8.09625","1.9587","0","12746","thing","Carcassonne Big Box 6","2","6","35","35","35","2017","2,3,4,5,6","2","6+","No necessary in-game text","","","","","","standalone","","","","","","","","","","","","","","",""
"Carcassonne: Expansion 3 – The Princess & The Dragon","15158","0","0","0","1","0","0","0","0","0","0","0","3","","","","","","109201935","6.51785","6.80199","1.9933","0","26800","thing","Carcassonne: Expansion 3 – The Princess & The Dragon","2","6","60","60","60","2005","2,3,4,5,6","3,4","8+","No necessary in-game text","","","","","","expansion","","","","","","","","","","","","","","",""
"Carcassonne: Expansion 6 – Count, King & Robber","33458","0","0","0","1","0","0","0","0","0","0","0","3","","","","","","109201925","6.145","6.83575","2.1923","0","9007","thing","Carcassonne: Expansion 6 – Count, King & Robber","2","6","45","45","30","2007","2,3,4,5","3","8+","No necessary in-game text","","","","","","expansion","","","","","","","","","","","","","","",""
"Carcassonne: Expansion 8 – Bridges, Castles and Bazaars","66646","0","0","0","1","0","0","0","0","0","0","0","3","","","","","","109201931","6.34186","7.01994","2.06","0","11541","thing","Carcassonne: Expansion 8 – Bridges, Castles and Bazaars","2","6","45","45","30","2010","2,3,4,5","3,4","8+","No necessary in-game text","","","","","","expansion","","","","","","","","","","","","","","",""
"Cards Against Humanity: Blue Box","214021","0","0","0","1","0","0","0","0","0","0","0","3","","","","","","109217951","5.60623","6.74613","1.5","0","1483","thing","Cards Against Humanity: Blue Box","4","30","30","0","30","2016","3,4,5,6,7,8,9,10","5,6,7,8","18+","","","","","","","expansion","","","","","","","","","","","","","","",""
"Cards Against Humanity: College Pack","234403","0","0","0","1","0","0","0","0","0","0","0","3","","","","","","109217976","5.52709","6.56207","1","0","848","thing","Cards Against Humanity: College Pack","4","30","30","30","30","2017","","","","","","","","","","expansion","","","","","","","","","","","","","","",""
"Cards Against Humanity: College Pack","234403","0","0","0","1","0","0","0","0","0","0","0","3","","","","","","120474711","5.52709","6.56207","1","0","848","thing","Cards Against Humanity: College Pack","4","30","30","30","30","2017","","","","","","","","","","expansion","","","","","","","","","","","","","","",""
"Cards Against Humanity: Design Pack","181423","0","0","0","1","0","0","0","0","0","0","0","3","","","","","","109217974","5.50156","5.83191","1","0","1093","thing","Cards Against Humanity: Design Pack","4","30","30","0","30","2015","","","","No necessary in-game text","","","","","","expansion","","","","","","","","","","","","","","",""
"Cards Against Humanity: Family Edition","317367","0","0","0","1","0","0","0","0","0","0","0","3","","","","","","109217954","5.55664","6.17349","1","11240","1099","thing","Cards Against Humanity: Family Edition","4","30","30","30","30","2020","4,5","5","6+","","","","","","","standalone","","","","","","","","","","","","","","",""
"Cards Against Humanity: Family Edition","317367","0","0","0","1","0","0","0","0","0","0","0","3","","","","","","120474702","5.55664","6.17349","1","11240","1099","thing","Cards Against Humanity: Family Edition","4","30","30","30","30","2020","4,5","5","6+","","","","","","","standalone","","","","","","","","","","","","","","",""
"Cards Against Humanity: Fantasy Pack","188497","0","0","0","1","0","0","0","0","0","0","0","3","","","","","","109217967","5.6055","6.71012","1.3333","0","1894","thing","Cards Against Humanity: Fantasy Pack","4","30","30","0","30","2015","4,5,6,7,8,9","6,7","18+","Extensive use of text - massive conversion needed to be playable","","","","","","expansion","","","","","","","","","","","","","","",""
"Cards Against Humanity: Geek Pack","199399","0","0","0","1","0","0","0","0","0","0","0","3","","","","","","109217959","5.60604","6.76075","1.5","0","1881","thing","Cards Against Humanity: Geek Pack","4","30","30","30","30","2016","4,5,6,7,8,9","6,7","18+","Extensive use of text - massive conversion needed to be playable","","","","","","expansion","","","","","","","","","","","","","","",""
"Cards Against Humanity: Green Box","214020","0","0","0","1","0","0","0","0","0","0","0","3","","","","","","109217945","5.65697","6.62805","1.6667","0","2715","thing","Cards Against Humanity: Green Box","4","30","30","30","30","2016","3,4,5,6,7,8,9,10","5,6,7,8","18+","Unplayable in another language","","","","","","expansion","","","","","","","","","","","","","","",""
"Cards Against Humanity: Green Box","214020","0","0","0","1","0","0","0","0","0","0","0","3","","","","","","120474693","5.65697","6.62805","1.6667","0","2715","thing","Cards Against Humanity: Green Box","4","30","30","30","30","2016","3,4,5,6,7,8,9,10","5,6,7,8","18+","Unplayable in another language","","","","","","expansion","","","","","","","","","","","","","","",""
"Cards Against Humanity: Pride Pack","255369","0","0","0","1","0","0","0","0","0","0","0","3","","","","","","109217963","5.54263","6.95461","0","0","754","thing","Cards Against Humanity: Pride Pack","4","30","30","30","30","2018","3,4,5,6,7,8,9,10","6,7,8","","","","","","","","expansion","","","","","","","","","","","","","","",""
"Cards Against Humanity: Red Box","214019","0","0","0","1","0","0","0","0","0","0","0","3","","","","","","109217947","5.60359","6.66065","1.5","0","1540","thing","Cards Against Humanity: Red Box","4","30","30","30","30","2016","4,5,6,7,8,9","5,6,7,8","18+","","","","","","","expansion","","","","","","","","","","","","","","",""
"Cards Against Humanity: Red Box","214019","0","0","0","1","0","0","0","0","0","0","0","3","","","","","","120474690","5.60359","6.66065","1.5","0","1540","thing","Cards Against Humanity: Red Box","4","30","30","30","30","2016","4,5,6,7,8,9","5,6,7,8","18+","","","","","","","expansion","","","","","","","","","","","","","","",""
"Cards Against Humanity: Sci-Fi Pack","215445","0","0","0","1","0","0","0","0","0","0","0","3","","","","","","109217977","5.5757","6.81891","1.5","0","1321","thing","Cards Against Humanity: Sci-Fi Pack","4","30","30","0","30","2016","3,4,5,6,7,8,9,10","6,7,8","18+","Unplayable in another language","","","","","","expansion","","","","","","","","","","","","","","",""
"Casting Shadows","359502","0","0","0","1","0","0","0","0","0","0","0","3","","","","","","120475005","5.66528","6.40453","2.2","6398","2375","thing","Casting Shadows","2","4","60","60","30","2023","3,4","4","8+","Some necessary text - easily memorized or small crib sheet","","","","","","standalone","","","","","","","","","","","","","","",""
"Casting Shadows: The Ice Storm Expansion","360484","0","0","0","1","0","0","0","0","0","0","0","3","","","","","","120475008","5.57079","7.02231","2","0","1420","thing","Casting Shadows: The Ice Storm Expansion","2","6","60","60","30","2023","3,4","4","8+","","","","","","","expansion","","","","","","","","","","","","","","",""
"CATAN","13","8","0","0","1","0","0","0","0","0","0","0","3","","","","","","106762205","6.9218","7.0992","2.2918","553","207961","thing","CATAN","3","4","120","120","60","1995","3,4","4","8+","Some necessary text - easily memorized or small crib sheet","","","","","","standalone","","","","","","","","","","","","","","",""
"Catan Geographies: Rickshaw Run","187366","0","0","0","1","0","0","0","0","0","0","0","3","","","","","","106762225","0","6.97059","0","0","280","thing","Catan Geographies: Rickshaw Run","3","6","0","0","0","2015","","","","","","","","","","expansion","","","","","","","","","","","","","","",""
"Catan Histories: Rise of the Inkas","244144","0","0","0","1","0","0","0","0","0","0","0","3","","","","","","109201655","5.788","7.14498","2.6667","4495","1743","thing","Catan Histories: Rise of the Inkas","3","4","90","90","90","2018","3,4","4","8+","Moderate in-game text - needs crib sheet or paste ups","","","","","","standalone","","","","","","","","","","","","","","",""
"Catan Scenarios: Helpers of Catan","86669","0","0","0","1","0","0","0","0","0","0","0","3","","","","","","106762219","5.79198","7.14454","2.1333","0","2311","thing","Catan Scenarios: Helpers of Catan","3","6","90","90","45","2010","3,4,5,6","4","10+","Moderate in-game text - needs crib sheet or paste ups","","","","","","expansion","","","","","","","","","","","","","","",""
"Catan: 5-6 Player Extension","2807","0","0","0","1","0","0","0","0","0","0","0","3","","","","","","106762209","6.6965","6.97071","2.3135","0","50275","thing","Catan: 5-6 Player Extension","5","6","120","120","120","1996","4,5,6","5","10+","Some necessary text - easily memorized or small crib sheet","","","","","","expansion","","","","","","","","","","","","","","",""
"CATAN: Cities & Knights","926","10","0","0","1","0","0","0","0","0","0","0","3","","","","","","106762206","7.15843","7.44519","2.8966","0","43554","thing","CATAN: Cities & Knights","3","4","150","150","90","1998","3,4","4","12+","Moderate in-game text - needs crib sheet or paste ups","","","","","","expansion","","","","","","","","","","","","","","",""
"Catan: Cities & Knights – 5-6 Player Extension","4101","0","0","0","1","0","0","0","0","0","0","0","3","","","","","","106762215","6.48619","7.13304","2.7465","0","12727","thing","Catan: Cities & Knights – 5-6 Player Extension","5","6","120","120","120","2000","4,5,6","6","12+","No necessary in-game text","","","","","","expansion","","","","","","","","","","","","","","",""
"Catan: Cities & Knights – Legend of the Conquerors","265141","0","0","0","1","0","0","0","0","0","0","0","3","","","","","","106762223","5.59222","7.83034","2.6667","0","809","thing","Catan: Cities & Knights – Legend of the Conquerors","3","4","120","120","90","2019","3,4","3","","","","","","","","expansion","","","","","","","","","","","","","","",""
"CATAN: Dawn of Humankind","358858","0","0","0","1","0","0","0","0","0","0","0","3","","","","","","109201647","5.65085","7.32609","2.6667","6726","982","thing","CATAN: Dawn of Humankind","3","4","120","120","90","2022","3,4","4","10+","","","","","","","standalone","","","","","","","","","","","","","","",""
"Catan: Explorers & Pirates","135378","0","0","0","1","0","0","0","0","0","0","0","3","","","","","","106762212","6.26521","7.13341","2.8462","0","8925","thing","Catan: Explorers & Pirates","2","4","120","120","90","2013","2,3,4","4","12+","Some necessary text - easily memorized or small crib sheet","","","","","","expansion","","","","","","","","","","","","","","",""
"Catan: Explorers & Pirates – 5-6 Player Extension","144419","0","0","0","1","0","0","0","0","0","0","0","3","","","","","","106762224","5.67606","7.18819","2.9375","0","1930","thing","Catan: Explorers & Pirates – 5-6 Player Extension","5","6","150","150","120","2013","3,4,5,6","5","12+","No necessary in-game text","","","","","","expansion","","","","","","","","","","","","","","",""
"CATAN: Seafarers","325","0","0","0","1","0","0","0","0","0","0","0","3","","","","","","106762207","6.91066","7.1509","2.3775","0","46087","thing","CATAN: Seafarers","3","4","90","90","90","1997","3,4","4","10+","Some necessary text - easily memorized or small crib sheet","","","","","","expansion","","","","","","","","","","","","","","",""
"Catan: Seafarers – 5-6 Player Extension","4103","0","0","0","1","0","0","0","0","0","0","0","3","","","","","","106762214","6.44358","6.9919","2.4242","0","14244","thing","Catan: Seafarers – 5-6 Player Extension","5","6","120","120","120","1999","5,6","5","8+","Some necessary text - easily memorized or small crib sheet","","","","","","expansion","","","","","","","","","","","","","","",""
"Catan: Seafarers Scenario – Legend of the Sea Robbers","223171","0","0","0","1","0","0","0","0","0","0","0","3","","","","","","106762221","5.63957","7.40392","2.1667","0","1214","thing","Catan: Seafarers Scenario – Legend of the Sea Robbers","3","4","90","90","90","2017","3,4","4","","","","","","","","expansion","","","","","","","","","","","","","","",""
"CATAN: Traders & Barbarians","27760","0","0","0","1","0","0","0","0","0","0","0","3","","","","","","106762210","6.46","6.96414","2.5587","0","17189","thing","CATAN: Traders & Barbarians","2","4","60","60","60","2007","2,3,4","4","10+","Moderate in-game text - needs crib sheet or paste ups","","","","","","expansion","","","","","","","","","","","","","","",""
"Catan: Traders & Barbarians – 5-6 Player Extension","34691","0","0","0","1","0","0","0","0","0","0","0","3","","","","","","106762220","5.83836","6.85442","2.4545","0","4401","thing","Catan: Traders & Barbarians – 5-6 Player Extension","5","6","90","90","90","2008","3,4,5,6","5,6","10+","Moderate in-game text - needs crib sheet or paste ups","","","","","","expansion","","","","","","","","","","","","","","",""
"Catan: Traveler – Compact Edition","172994","0","0","0","1","0","0","0","0","0","0","0","3","","","","","","106762216","5.76755","7.13442","2.25","4719","1712","thing","Catan: Traveler – Compact Edition","2","4","75","75","75","2015","3,4","3","10+","Some necessary text - easily memorized or small crib sheet","","","","","","standalone","","","","","","","","","","","","","","",""
"CATAN: Treasures, Dragons & Adventurers","56157","0","0","0","1","0","0","0","0","0","0","0","3","","","","","","106762218","5.67032","7.5225","2","0","1451","thing","CATAN: Treasures, Dragons & Adventurers","3","4","90","90","90","2009","3,4","4","8+","Some necessary text - easily memorized or small crib sheet","","","","","","expansion","","","","","","","","","","","","","","",""
"Clank!: A Deck-Building Adventure","201808","0","0","0","1","0","0","0","0","0","0","0","3","","","","","","120474773","7.61599","7.77815","2.2242","81","55535","thing","Clank!: A Deck-Building Adventure","2","4","60","60","30","2016","2,3,4","3","8+","Moderate in-game text - needs crib sheet or paste ups","","","","","","standalone","","","","","","","","","","","","","","",""
"Codenames","178900","0","0","0","1","0","0","0","0","0","0","0","3","","","","","","109202215","7.44871","7.54213","1.2601","139","154469","thing","Codenames","2","8","15","15","15","2015","4,5,6,7,8","6,8","10+","Unplayable in another language","","","","","","standalone","","","","","","","","","","","","","","",""
"Codenames: Pictures","198773","0","0","0","1","0","0","0","0","0","0","0","3","","","","","","109202216","7.01456","7.18881","1.2393","447","40009","thing","Codenames: Pictures","2","8","15","15","15","2016","4,5,6,7,8","6","8+","No necessary in-game text","","","","","","standalone","","","","","","","","","","","","","","",""
"Coup","131357","8","0","0","1","0","0","0","0","0","0","0","3","","","","","","106762368","6.84327","6.98257","1.4098","646","81059","thing","Coup","2","6","15","15","15","2012","3,4,5,6","5","10+","Some necessary text - easily memorized or small crib sheet","","","","","","standalone","","","","","","","","","","","","","","",""
"Coup: Reformation","148931","0","0","0","1","0","0","0","0","0","0","0","3","","","","","","106762370","6.73023","7.25715","1.5933","0","19265","thing","Coup: Reformation","2","10","15","15","15","2013","4,5,6,7,8","6","12+","Some necessary text - easily memorized or small crib sheet","","","","","","expansion","","","","","","","","","","","","","","",""
"Daring Contest","248722","0","0","0","1","0","0","0","0","0","0","0","3","","","","","","109202084","5.51116","6.03469","1","19367","375","thing","Daring Contest","4","8","45","45","30","2018","","","","","","","","","","standalone","","","","","","","","","","","","","","",""
"Dead Man's Doubloons","201509","0","0","0","1","0","0","0","0","0","0","0","3","","","","","","120474862","5.77238","6.59997","2.5263","4667","2106","thing","Dead Man's Doubloons","2","6","45","45","45","2018","3,4,5,6","4","10+","Some necessary text - easily memorized or small crib sheet","","","","","","standalone","","","","","","","","","","","","","","",""
"Dice Throne: Season Two – Gunslinger v. Samurai","266966","0","0","0","1","0","0","0","0","0","0","0","3","","","","","","120474902","6.33472","7.55296","2.0952","1597","4446","thing","Dice Throne: Season Two – Gunslinger v. Samurai","2","2","40","40","20","2018","2","2","8+","Unplayable in another language","","","","","","standalone","","","","","","","","","","","","","","",""
"Dimension","153318","0","0","0","1","0","0","0","0","0","0","0","3","","","","","","120474838","6.14693","6.84812","1.375","2230","3285","thing","Dimension","1","4","30","30","30","2014","1,2,3,4","4","6+","No necessary in-game text","","","","","","standalone","","","","","","","","","","","","","","",""
"Dirk Gently's Holistic Detective Agency: Everything is Connected","235016","0","0","0","1","0","0","0","0","0","0","0","3","","","","","","120474716","0","5.83333","0","0","102","thing","Dirk Gently's Holistic Detective Agency: Everything is Connected","3","8","60","60","20","2017","","","","","","","","","","standalone","","","","","","","","","","","","","","",""
"Disney Sorcerer's Arena: Epic Alliances Core Set","357746","0","0","0","1","0","0","0","0","0","0","0","3","","","","","","120475042","5.85384","7.52547","2.4667","3885","1978","thing","Disney Sorcerer's Arena: Epic Alliances Core Set","2","4","35","0","35","2022","2,4","2","10+","Unplayable in another language","","","","","","standalone","","","","","","","","","","","","","","",""
"Disney Villainous: Despicable Plots","331050","0","0","0","1","0","0","0","0","0","0","0","3","","","","","","120474800","6.35904","7.51459","2.15","1535","9216","thing","Disney Villainous: Despicable Plots","2","3","60","60","40","2021","2,3","3","10+","Moderate in-game text - needs crib sheet or paste ups","","","","","","standalone","","","","","","","","","","","","","","",""
"Disney Villainous: Evil Comes Prepared","284760","0","0","0","1","0","0","0","0","0","0","0","3","","","","","","120474790","6.77218","7.53201","2.3333","734","17680","thing","Disney Villainous: Evil Comes Prepared","2","3","60","60","40","2019","2,3","3","10+","Extensive use of text - massive conversion needed to be playable","","","","","","standalone","","","","","","","","","","","","","","",""
"Disney Villainous: Perfectly Wretched","299047","0","0","0","1","0","0","0","0","0","0","0","3","","","","","","109202013","6.69225","7.61433","2.303","874","14014","thing","Disney Villainous: Perfectly Wretched","2","3","60","60","40","2020","2,3","3","10+","Extensive use of text - massive conversion needed to be playable","","","","","","standalone","","","","","","","","","","","","","","",""
"Disney Villainous: The Worst Takes it All","256382","0","0","0","1","0","0","0","0","0","0","0","3","","","","","","120474777","6.71737","6.95404","2.4817","830","46632","thing","Disney Villainous: The Worst Takes it All","2","6","120","120","45","2018","2,3,4","3","10+","Extensive use of text - massive conversion needed to be playable","","","","","","standalone","","","","","","","","","","","","","","",""
"Disney Villainous: Wicked to the Core","271518","0","0","0","1","0","0","0","0","0","0","0","3","","","","","","120474788","6.79329","7.52762","2.3654","707","18054","thing","Disney Villainous: Wicked to the Core","2","3","60","60","40","2019","2,3","3","10+","Extensive use of text - massive conversion needed to be playable","","","","","","standalone","","","","","","","","","","","","","","",""
"Dungeons & Dragons: Rock Paper Wizard","207062","0","0","0","1","0","0","0","0","0","0","0","3","","","","","","109202238","5.93173","6.57184","1.3333","3315","3478","thing","Dungeons & Dragons: Rock Paper Wizard","3","6","30","30","30","2016","3,4,5,6","5,6","8+","Moderate in-game text - needs crib sheet or paste ups","","","","","","standalone","","","","","","","","","","","","","","",""
"Dutch Blitz","148203","0","0","0","1","0","0","0","0","0","0","0","3","","","","","","106762359","6.24416","6.75736","1.2477","1867","9689","thing","Dutch Blitz","2","4","15","15","1","1960","3,4","4","8+","No necessary in-game text","","","","","","standalone","","","","","","","","","","","","","","",""
"Ecosystem","271519","0","0","0","1","0","0","0","0","0","0","0","3","","","","","","109217736","6.17744","7.09474","1.5789","2105","3446","thing","Ecosystem","2","6","20","20","15","2019","2,3,4,5,6","4","8+","Some necessary text - easily memorized or small crib sheet","","","","","","standalone","","","","","","","","","","","","","","",""
"Ecosystem: Coral Reef","359406","0","0","0","1","0","0","0","0","0","0","0","3","","","","","","120474884","5.81583","7.24147","1.7692","4206","1216","thing","Ecosystem: Coral Reef","1","6","20","20","15","2022","1,2,3,4,5,6","4","10+","No necessary in-game text","","","","","","standalone","","","","","","","","","","","","","","",""
"Exploding Kittens: 2-Player Version","356226","0","0","0","1","0","0","0","0","0","0","0","3","","","","","","109201797","5.5554","6.46382","1.25","11364","939","thing","Exploding Kittens: 2-Player Version","2","2","20","20","20","2022","2","2","","Moderate in-game text - needs crib sheet or paste ups","","","","","","standalone","","","","","","","","","","","","","","",""
"Exploding Kittens: Barking Kittens","312667","0","0","0","1","0","0","0","0","0","0","0","3","","","","","","106762265","5.8412","6.87513","1.1667","0","5585","thing","Exploding Kittens: Barking Kittens","2","5","15","15","15","2020","3,4,5","4,5","8+","Some necessary text - easily memorized or small crib sheet","","","","","","expansion","","","","","","","","","","","","","","",""
"Exploding Kittens: Barking Kittens","312667","0","0","0","1","0","0","0","0","0","0","0","3","","","","","","120475025","5.8412","6.87513","1.1667","0","5585","thing","Exploding Kittens: Barking Kittens","2","5","15","15","15","2020","3,4,5","4,5","8+","Some necessary text - easily memorized or small crib sheet","","","","","","expansion","","","","","","","","","","","","","","",""
"Exploding Kittens: Party Pack","256804","7","0","0","1","0","0","0","0","0","0","0","3","","","","","","106762242","6.14306","7.09581","1.0465","2243","6023","thing","Exploding Kittens: Party Pack","2","10","15","15","15","2017","2,3,4,5,6,7,8,9,10","5,6","8+","Some necessary text - easily memorized or small crib sheet","","","","","","standalone","","","","","","","","","","","","","","",""
"Exploding Kittens: Recipes for Disaster","343282","0","0","0","1","0","0","0","0","0","0","0","3","","","","","","106762272","5.7719","7.14862","1.2","4674","2496","thing","Exploding Kittens: Recipes for Disaster","2","5","15","15","15","2021","3,4,5","5","5+","Some necessary text - easily memorized or small crib sheet","","","","","","standalone","","","","","","","","","","","","","","",""
"Exploding Kittens: Recipes for Disaster","343282","0","0","0","1","0","0","0","0","0","0","0","3","","","","","","120474830","5.7719","7.14862","1.2","4674","2496","thing","Exploding Kittens: Recipes for Disaster","2","5","15","15","15","2021","3,4,5","5","5+","Some necessary text - easily memorized or small crib sheet","","","","","","standalone","","","","","","","","","","","","","","",""
"Exploding Kittens: Streaking Kittens","260214","0","0","0","1","0","0","0","0","0","0","0","3","","","","","","106762264","6.21942","7.1552","1.125","0","9604","thing","Exploding Kittens: Streaking Kittens","2","5","15","15","15","2018","3,4,5","4,5","8+","Some necessary text - easily memorized or small crib sheet","","","","","","expansion","","","","","","","","","","","","","","",""
"Fast Track","346422","0","0","0","1","0","0","0","0","0","0","0","3","","","","","","120474853","0","6.58333","0","0","30","thing","Fast Track","2","2","0","0","0","2009","","","","","","","","","","standalone","","","","","","","","","","","","","","",""
"Fastrack","41762","8","0","0","1","0","0","0","0","0","0","0","3","","","","","","106762342","5.71204","6.37487","1","5535","1338","thing","Fastrack","2","2","10","10","10","2008","2","2","4+","No necessary in-game text","","","","","","standalone","","","","","","","","","","","","","","",""
"Five Crowns","1472","0","0","0","1","0","0","0","0","0","0","0","3","","","","","","106762581","5.80828","6.0799","1.2246","4282","9323","thing","Five Crowns","1","7","30","30","30","1996","3,4,5,6,7","4","8+","No necessary in-game text","","","","","","standalone","","","","","","","","","","","","","","",""
"The Floor is Lava: Family Edition","408790","0","0","0","1","0","0","0","0","0","0","0","3","","","","","","120475038","0","0","0","0","4","thing","The Floor is Lava: Family Edition","3","99","20","20","20","2022","","","","","","","","","","standalone","","","","","","","","","","","","","","",""
"Fluxx","258","0","0","0","1","0","0","0","0","0","0","0","3","","","","","","109201940","5.56366","5.67422","1.3889","10683","30999","thing","Fluxx","2","6","30","30","5","1997","2,3,4,5,6","4","8+","Extensive use of text - massive conversion needed to be playable","","","","","","standalone","","","","","","","","","","","","","","",""
"Fluxx","314413","0","0","0","1","0","0","0","0","0","0","0","3","","","","","","120474951","5.52488","5.79775","1.3333","15976","1383","thing","Fluxx","2","6","20","20","5","2012","2,3,4","2","","","","","","","","standalone","","","","","","","","","","","","","","",""
"Forbidden Island","65244","0","0","0","1","0","0","0","0","0","0","0","3","","","","","","120474888","6.65672","6.76063","1.7354","933","92045","thing","Forbidden Island","2","4","30","30","30","2010","1,2,3,4","4","8+","Some necessary text - easily memorized or small crib sheet","","","","","","standalone","","","","","","","","","","","","","","",""
"A Game of Cat & Mouth","321539","0","0","0","1","0","0","0","0","0","0","0","3","","","","","","106762928","5.82222","6.75479","1","4159","2450","thing","A Game of Cat & Mouth","2","2","10","10","10","2020","2","2","5+","No necessary in-game text","","","","","","standalone","","","","","","","","","","","","","","",""
"A Game of Cat & Mouth","321539","0","0","0","1","0","0","0","0","0","0","0","3","","","","","","120474927","5.82222","6.75479","1","4159","2450","thing","A Game of Cat & Mouth","2","2","10","10","10","2020","2","2","5+","No necessary in-game text","","","","","","standalone","","","","","","","","","","","","","","",""
"Hand-to-Hand Wombat","356909","0","0","0","1","0","0","0","0","0","0","0","3","","","","","","106762353","5.68457","6.26481","1.1538","6005","2434","thing","Hand-to-Hand Wombat","3","6","15","15","15","2022","4,5,6","5","8+","Some necessary text - easily memorized or small crib sheet","","","","","","standalone","","","","","","","","","","","","","","",""
"Hand-to-Hand Wombat","356909","0","0","0","1","0","0","0","0","0","0","0","3","","","","","","120474752","5.68457","6.26481","1.1538","6005","2434","thing","Hand-to-Hand Wombat","3","6","15","15","15","2022","4,5,6","5","8+","Some necessary text - easily memorized or small crib sheet","","","","","","standalone","","","","","","","","","","","","","","",""
"Happy Little Dinosaurs","325414","0","0","0","1","0","0","0","0","0","0","0","3","","","","","","106762961","5.7849","6.18805","1.3409","4530","8599","thing","Happy Little Dinosaurs","2","4","60","60","30","2021","3,4","4","8+","Some necessary text - easily memorized or small crib sheet","","","","","","standalone","","","","","","","","","","","","","","",""
"Happy Little Dinosaurs","325414","0","0","0","1","0","0","0","0","0","0","0","3","","","","","","120474731","5.7849","6.18805","1.3409","4530","8599","thing","Happy Little Dinosaurs","2","4","60","60","30","2021","3,4","4","8+","Some necessary text - easily memorized or small crib sheet","","","","","","standalone","","","","","","","","","","","","","","",""
"Happy Little Dinosaurs: 5–6 Player Expansion Pack","325451","0","0","0","1","0","0","0","0","0","0","0","3","","","","","","109202085","5.63317","7.08734","1.25","0","1825","thing","Happy Little Dinosaurs: 5–6 Player Expansion Pack","2","6","60","60","30","2021","4,5,6","5,6","5+","Moderate in-game text - needs crib sheet or paste ups","","","","","","expansion","","","","","","","","","","","","","","",""
"Happy Little Dinosaurs: 5–6 Player Expansion Pack","325451","0","0","0","1","0","0","0","0","0","0","0","3","","","","","","120474733","5.63317","7.08734","1.25","0","1825","thing","Happy Little Dinosaurs: 5–6 Player Expansion Pack","2","6","60","60","30","2021","4,5,6","5,6","5+","Moderate in-game text - needs crib sheet or paste ups","","","","","","expansion","","","","","","","","","","","","","","",""
"Happy Little Dinosaurs: Perils of Puberty Expansion Pack","340638","0","0","0","1","0","0","0","0","0","0","0","3","","","","","","109202086","5.58938","7.18264","0","0","1215","thing","Happy Little Dinosaurs: Perils of Puberty Expansion Pack","2","4","60","60","30","2021","2,3,4","4","5+","","","","","","","expansion","","","","","","","","","","","","","","",""
"Happy Salmon","194626","9","0","0","1","0","0","0","0","0","0","0","3","","","","","","106762915","6.34329","6.68099","1.0748","1576","12962","thing","Happy Salmon","3","8","2","2","2","2016","4,5,6,7,8","5,6,8","5+","Some necessary text - easily memorized or small crib sheet","","","","","","standalone","","","","","","","","","","","","","","",""
"Herd Mentality","311322","0","0","0","1","0","0","0","0","0","0","0","3","","","","","","106762936","6.0415","6.68301","1","2678","4967","thing","Herd Mentality","4","20","30","30","20","2020","5,6,7,8,9,10,11,12,13,14,15","7,8","10+","Moderate in-game text - needs crib sheet or paste ups","","","","","","standalone","","","","","","","","","","","","","","",""
"Here to Slay","299252","0","0","0","1","0","0","0","0","0","0","0","3","","","","","","106762484","6.38131","6.89886","1.6905","1486","16923","thing","Here to Slay","2","6","60","60","30","2020","2,3,4,5","3,4","10+","Moderate in-game text - needs crib sheet or paste ups","","","","","","standalone","","","","","","","","","","","","","","",""
"Here to Slay: Warriors & Druids Expansion","321259","0","0","0","1","0","0","0","0","0","0","0","3","","","","","","106762482","5.89602","7.48092","1.8333","0","4060","thing","Here to Slay: Warriors & Druids Expansion","2","6","60","60","30","2020","2,3,4,5,6","3,4","8+","Moderate in-game text - needs crib sheet or paste ups","","","","","","expansion","","","","","","","","","","","","","","",""
"Hive Pocket","154597","7","0","0","1","0","0","0","0","0","0","0","3","","","","","","106762540","7.34111","7.69736","2.2479","0","30148","thing","Hive Pocket","2","2","20","20","20","2010","2","2","8+","No necessary in-game text","","","","","","standalone","","","","","","","","","","","","","","",""
"Hive: The Pillbug","139666","0","0","0","1","0","0","0","0","0","0","0","3","","","","","","106762550","6.72891","7.72941","2.4268","0","11211","thing","Hive: The Pillbug","2","2","20","20","20","2013","2","2","10+","No necessary in-game text","","","","","","expansion","","","","","","","","","","","","","","",""
"Hoard","180471","0","0","0","1","0","0","0","0","0","0","0","3","","","","","","109217755","5.56656","6.3955","1.2222","10418","549","thing","Hoard","2","6","45","45","10","2014","2,3,4,5,6","4","5+","No necessary in-game text","","","","","","standalone","","","","","","","","","","","","","","",""
"Holding On: The Troubled Life of Billy Kerr","245444","0","0","0","1","0","0","0","0","0","0","0","3","","","","","","120474766","5.61178","5.92344","2.36","7950","3301","thing","Holding On: The Troubled Life of Billy Kerr","2","4","60","60","45","2018","1,2,3,4","3","12+","Extensive use of text - massive conversion needed to be playable","","","","","","standalone","","","","","","","","","","","","","","",""
"Hues and Cues","302520","0","0","0","1","0","0","0","0","0","0","0","3","","","","","","106762939","6.14131","6.58048","1.0926","2254","8176","thing","Hues and Cues","3","10","30","30","30","2020","3,4,5,6,7,8,9,10","6,7,8","6+","No necessary in-game text","","","","","","standalone","","","","","","","","","","","","","","",""
"Infinity Gauntlet: A Love Letter Game","304285","0","0","0","1","0","0","0","0","0","0","0","3","","","","","","109227641","6.37912","6.96473","1.2069","1494","8722","thing","Infinity Gauntlet: A Love Letter Game","2","6","15","15","15","2020","3,4,5,6","4,5","8+","Moderate in-game text - needs crib sheet or paste ups","","","","","","standalone","","","","","","","","","","","","","","",""
"Jaipur","54043","0","0","0","1","0","0","0","0","0","0","0","3","","","","","","109201695","7.37192","7.48631","1.4627","184","81848","thing","Jaipur","2","2","30","30","30","2009","2","2","8+","No necessary in-game text","","","","","","standalone","","","","","","","","","","","","","","",""
"Karma","158268","0","0","0","1","0","0","0","0","0","0","0","3","","","","","","109201775","5.55359","5.97325","1","11526","1300","thing","Karma","2","6","20","20","20","2014","2,3,4,5,6","2,3","","No necessary in-game text","","","","","","standalone","","","","","","","","","","","","","","",""
"Killer Bunnies: Heroes vs. Villains – Blue Starter Deck","141523","0","0","0","1","0","0","0","0","0","0","0","3","","","","","","120474932","0","5.52087","3","0","155","thing","Killer Bunnies: Heroes vs. Villains – Blue Starter Deck","2","4","60","60","60","2013","","","","","","","","","","standalone","","","","","","","","","","","","","","",""
"King of Tokyo: Monster Box","336755","0","0","0","1","0","0","0","0","0","0","0","3","","","","","","120474886","6.20967","7.75784","1.3571","0","3234","thing","King of Tokyo: Monster Box","2","6","30","30","30","2021","3,4,5,6","4,5","8+","Moderate in-game text - needs crib sheet or paste ups","","","","","","standalone","","","","","","","","","","","","","","",""
"Kingdomino","204583","0","0","0","1","0","0","0","0","0","0","0","3","","","","","","106762499","7.19102","7.30829","1.2242","288","80571","thing","Kingdomino","2","4","25","25","15","2016","2,3,4","2,4","6+","No necessary in-game text","","","","","","standalone","","","","","","","","","","","","","","",""
"Kingdomino Origins","340041","0","0","0","1","0","0","0","0","0","0","0","3","","","","","","106762584","6.55262","7.50766","1.9245","1113","5557","thing","Kingdomino Origins","2","4","40","40","20","2021","2,3,4","2,4","8+","No necessary in-game text","","","","","","standalone","","","","","","","","","","","","","","",""
"Kitara","293267","0","0","0","1","0","0","0","0","0","0","0","3","","","","","","109201780","5.7791","6.8505","2.1905","4601","1464","thing","Kitara","2","4","40","40","40","2020","2,3,4","3,4","10+","No necessary in-game text","","","","","","standalone","","","","","","","","","","","","","","",""
"Kiwis Versus Morality","287341","0","0","0","1","0","0","0","0","0","0","0","3","","","","","","106762281","0","3.95","1.5","0","29","thing","Kiwis Versus Morality","4","99","90","90","30","2019","","","","","","","","","","standalone","","","","","","","","","","","","","","",""
"Kiwis Versus Morality","287341","0","0","0","1","0","0","0","0","0","0","0","3","","","","","","120474705","0","3.95","1.5","0","29","thing","Kiwis Versus Morality","4","99","90","90","30","2019","","","","","","","","","","standalone","","","","","","","","","","","","","","",""
"Kiwis Versus Morality: Expansion","334096","0","0","0","1","0","0","0","0","0","0","0","3","","","","","","106762282","0","0","0","0","9","thing","Kiwis Versus Morality: Expansion","4","10","40","40","20","2020","","","","","","","","","","expansion","","","","","","","","","","","","","","",""
"Kiwis Versus Morality: Expansion","334096","0","0","0","1","0","0","0","0","0","0","0","3","","","","","","120474707","0","0","0","0","9","thing","Kiwis Versus Morality: Expansion","4","10","40","40","20","2020","","","","","","","","","","expansion","","","","","","","","","","","","","","",""
"KLASK","165722","9","0","0","1","0","0","0","0","0","0","0","3","","","","","","106762339","7.25899","7.63703","1.0556","249","14754","thing","KLASK","2","2","10","10","10","2014","2","2","6+","No necessary in-game text","","","","","","standalone","","","","","","","","","","","","","","",""
"Letter Jam","275467","0","0","0","1","0","0","0","0","0","0","0","3","","","","","","106763385","6.68226","7.18572","1.9762","900","8845","thing","Letter Jam","2","6","45","45","45","2019","3,4,5,6","6","10+","Unplayable in another language","","","","","","standalone","","","","","","","","","","","","","","",""
"Letter Jam","275467","0","0","0","1","0","0","0","0","0","0","0","3","","","","","","120474719","6.68226","7.18572","1.9762","900","8845","thing","Letter Jam","2","6","45","45","45","2019","3,4,5,6","6","10+","Unplayable in another language","","","","","","standalone","","","","","","","","","","","","","","",""
"A Little Wordy","335869","9","0","0","1","0","0","0","0","0","0","0","3","","","","","","106762276","5.91111","6.77005","1.0556","3460","3831","thing","A Little Wordy","2","2","15","15","5","2021","2","2","8+","Moderate in-game text - needs crib sheet or paste ups","","","","","","standalone","","","","","","","","","","","","","","",""
"Love Letter","277085","7","0","0","1","0","0","0","0","0","0","0","3","","","","","","106762800","7.10918","7.51469","1.1187","355","20360","thing","Love Letter","2","6","20","20","20","2019","3,4,5,6","4","8+","Some necessary text - easily memorized or small crib sheet","","","","","","standalone","","","","","","","","","","","","","","",""
"Love Letter: Batman","168584","0","0","0","1","0","0","0","0","0","0","0","3","","","","","","109227634","6.75483","7.26673","1.1898","768","10120","thing","Love Letter: Batman","2","4","20","20","20","2015","2,3,4","4","8+","Some necessary text - easily memorized or small crib sheet","","","","","","standalone","","","","","","","","","","","","","","",""
"MANTIS","358690","0","0","0","1","0","0","0","0","0","0","0","3","","","","","","120474891","5.97005","6.72667","1.0278","3074","4045","thing","MANTIS","2","6","10","10","10","2022","2,3,4,5,6","4,5","6+","No necessary in-game text","","","","","","standalone","","","","","","","","","","","","","","",""
"Maui","361279","0","0","0","1","0","0","0","0","0","0","0","3","","","","","","109202050","5.62941","6.38154","1.7333","7320","760","thing","Maui","2","4","30","30","30","2022","2,3,4","2,3","8+","No necessary in-game text","","","","","","standalone","","","","","","","","","","","","","","",""
"The Mind","244992","0","0","0","1","0","0","0","0","0","0","0","3","","","","","","109201920","6.63672","6.75947","1.0726","962","56533","thing","The Mind","2","4","20","20","20","2018","2,3,4","4","8+","No necessary in-game text","","","","","","standalone","","","","","","","","","","","","","","",""
"The Mind Extreme","287607","0","0","0","1","0","0","0","0","0","0","0","3","","","","","","109201734","5.98882","6.91896","1.3235","2952","3577","thing","The Mind Extreme","2","4","20","20","20","2019","2,3,4","4","10+","No necessary in-game text","","","","","","standalone","","","","","","","","","","","","","","",""
"Monopoly Bid","327797","0","0","0","1","0","0","0","0","0","0","0","3","","","","","","106762453","5.51409","5.72766","1.0909","18657","1443","thing","Monopoly Bid","2","5","20","20","15","2020","2,3,4,5","4","","No necessary in-game text","","","","","","standalone","","","","","","","","","","","","","","",""
"Monopoly Deal Card Game","40398","0","0","0","1","0","0","0","0","0","0","0","3","","","","","","106762449","6.08054","6.30124","1.3232","2509","24056","thing","Monopoly Deal Card Game","2","5","15","15","15","2008","2,3,4,5","4","8+","Some necessary text - easily memorized or small crib sheet","","","","","","standalone","","","","","","","","","","","","","","",""
"Muffin Time","286735","0","0","0","1","0","0","0","0","0","0","0","3","","","","","","109201514","5.67751","6.24398","1.0385","6136","2574","thing","Muffin Time","2","6","40","40","20","2021","3,4,5,6","4,5","8+","Unplayable in another language","","","","","","standalone","","","","","","","","","","","","","","",""
"Muffin Time","286735","0","0","0","1","0","0","0","0","0","0","0","3","","","","","","120474963","5.67751","6.24398","1.0385","6136","2574","thing","Muffin Time","2","6","40","40","20","2021","3,4,5,6","4,5","8+","Unplayable in another language","","","","","","standalone","","","","","","","","","","","","","","",""
"Munchkin","1927","0","0","0","1","0","0","0","0","0","0","0","3","","","","","","106762534","5.6926","5.872","1.8092","5847","92974","thing","Munchkin","3","6","120","120","60","2001","3,4,5,6","4","10+","Extensive use of text - massive conversion needed to be playable","","","","","","standalone","","","","","","","","","","","","","","",""
"Munchkin","1927","0","0","0","1","0","0","0","0","0","0","0","3","","","","","","120474945","5.6926","5.872","1.8092","5847","92974","thing","Munchkin","3","6","120","120","60","2001","3,4,5,6","4","10+","Extensive use of text - massive conversion needed to be playable","","","","","","standalone","","","","","","","","","","","","","","",""
"Nacho Pile","366327","0","0","0","1","0","0","0","0","0","0","0","3","","","","","","120474806","5.46541","5.30565","1","25559","640","thing","Nacho Pile","2","6","20","20","20","2022","2,3,4,5,6","4","6+","","","","","","","standalone","","","","","","","","","","","","","","",""
"The Networks","72321","0","0","0","1","0","0","0","0","0","0","0","3","","","","","","120474917","6.73678","7.1486","2.5935","806","10130","thing","The Networks","1","5","90","90","60","2016","1,2,3,4,5","4","10+","Moderate in-game text - needs crib sheet or paste ups","","","","","","standalone","","","","","","","","","","","","","","",""
"The Networks: Executives","226711","0","0","0","1","0","0","0","0","0","0","0","3","","","","","","120474749","5.84657","7.64582","3","0","2886","thing","The Networks: Executives","1","5","90","90","60","2018","3,4,5","4","","","","","","","","expansion","","","","","","","","","","","","","","",""
"Ninja Taisen","162041","0","0","0","1","0","0","0","0","0","0","0","3","","","","","","109201693","5.67424","6.34053","1.5","6199","1220","thing","Ninja Taisen","2","2","20","20","20","2014","2","2","8+","No necessary in-game text","","","","","","standalone","","","","","","","","","","","","","","",""
"Oaxaca: Crafts of a Culture","147241","0","0","0","1","0","0","0","0","0","0","0","3","","","","","","120474968","5.70284","6.96491","1.9167","5681","779","thing","Oaxaca: Crafts of a Culture","1","4","40","40","20","2018","1,2,3,4","3","10+","","","","","","","standalone","","","","","","","","","","","","","","",""
"Obama Llama","184525","0","0","0","1","0","0","0","0","0","0","0","3","","","","","","120474809","5.51317","5.74716","1","18885","944","thing","Obama Llama","4","99","30","30","30","2015","4,6,8","6","16","","","","","","","standalone","","","","","","","","","","","","","","",""
"On a Scale of One to T-Rex","289018","0","0","0","1","0","0","0","0","0","0","0","3","","","","","","106762933","5.53381","5.7811","1","14155","2111","thing","On a Scale of One to T-Rex","2","8","15","15","15","2019","5,6,7,8","6","6+","Moderate in-game text - needs crib sheet or paste ups","","","","","","standalone","","","","","","","","","","","","","","",""
"On a Scale of One to T-Rex","289018","0","0","0","1","0","0","0","0","0","0","0","3","","","","","","120474683","5.53381","5.7811","1","14155","2111","thing","On a Scale of One to T-Rex","2","8","15","15","15","2019","5,6,7,8","6","6+","Moderate in-game text - needs crib sheet or paste ups","","","","","","standalone","","","","","","","","","","","","","","",""
"Orchards: The Card Game","335087","0","0","0","1","0","0","0","0","0","0","0","3","","","","","","120474729","0","4.66667","2","0","38","thing","Orchards: The Card Game","2","4","30","30","30","2021","","","","","","","","","","standalone","","","","","","","","","","","","","","",""
"P for Pizza","311330","0","0","0","1","0","0","0","0","0","0","0","3","","","","","","109218330","5.61077","6.48165","1","7988","1005","thing","P for Pizza","2","4","20","20","20","2020","2,3,4","","8+","","","","","","","standalone","","","","","","","","","","","","","","",""
"Pandemic","30549","0","0","0","1","0","0","0","0","0","0","0","3","","","","","","106762488","7.42962","7.53568","2.3993","147","203439","thing","Pandemic","2","4","45","45","45","2008","1,2,3,4","4","10+","Some necessary text - easily memorized or small crib sheet","","","","","","standalone","","","","","","","","","","","","","","",""
"Pandemic","30549","0","0","0","1","0","0","0","0","0","0","0","3","","","","","","120474914","7.42962","7.53568","2.3993","147","203439","thing","Pandemic","2","4","45","45","45","2008","1,2,3,4","4","10+","Some necessary text - easily memorized or small crib sheet","","","","","","standalone","","","","","","","","","","","","","","",""
"Pandemic: Hot Zone – Europe","329670","0","0","0","1","0","0","0","0","0","0","0","3","","","","","","109201903","5.92632","7.11217","1.9565","3358","3291","thing","Pandemic: Hot Zone – Europe","2","4","30","30","30","2021","1,2,3,4","2","8+","Moderate in-game text - needs crib sheet or paste ups","","","","","","standalone","","","","","","","","","","","","","","",""
"Pandemic: The Cure","150658","0","0","0","1","0","0","0","0","0","0","0","3","","","","","","109201904","6.9417","7.24334","2.0576","528","17093","thing","Pandemic: The Cure","2","5","30","30","30","2014","1,2,3,4,5","3,4","8+","Some necessary text - easily memorized or small crib sheet","","","","","","standalone","","","","","","","","","","","","","","",""
"Pandemic: The Cure","150658","0","0","0","1","0","0","0","0","0","0","0","3","","","","","","120474848","6.9417","7.24334","2.0576","528","17093","thing","Pandemic: The Cure","2","5","30","30","30","2014","1,2,3,4,5","3,4","8+","Some necessary text - easily memorized or small crib sheet","","","","","","standalone","","","","","","","","","","","","","","",""
"Pass the Pigs","2593","0","0","0","1","0","0","0","0","0","0","0","3","","","","","","106762460","5.42389","5.46164","1.0697","26187","12532","thing","Pass the Pigs","2","10","30","30","30","1977","2,3,4,5,6,7,8","4,5","6+","No necessary in-game text","","","","","","standalone","","","","","","","","","","","","","","",""
"Patchwork","163412","0","0","0","1","0","0","0","0","0","0","0","3","","","","","","120474761","7.489","7.59604","1.6025","124","105282","thing","Patchwork","2","2","30","30","15","2014","2","2","6+","No necessary in-game text","","","","","","standalone","","","","","","","","","","","","","","",""
"Pavé","364629","8","0","0","1","0","0","0","0","0","0","0","3","","","","","","106762436","0","7.48235","1","0","31","thing","Pavé","2","2","20","20","5","2022","2","2","8+","","","","","","","standalone","","","","","","","","","","","","","","",""
"Peaky Blinders: Under New Management","290822","0","0","0","1","0","0","0","0","0","0","0","3","","","","","","120474938","5.51066","5.98102","2.6667","19513","605","thing","Peaky Blinders: Under New Management","2","4","90","90","90","2019","2,3,4","3,4","12+","Moderate in-game text - needs crib sheet or paste ups","","","","","","standalone","","","","","","","","","","","","","","",""
"Pick Up Sticks","6424","0","0","0","1","0","0","0","0","0","0","0","3","","","","","","120474912","4.79328","4.33344","1.0407","26513","3977","thing","Pick Up Sticks","2","6","30","30","10","1850","2,3,4,5,6","3","5+","No necessary in-game text","","","","","","standalone","","","","","","","","","","","","","","",""
"Platypus","322739","0","0","0","1","0","0","0","0","0","0","0","3","","","","","","109202206","5.57015","6.35703","1.1111","10167","433","thing","Platypus","2","8","30","30","30","2021","4,5,6","6","10+","Unplayable in another language","","","","","","standalone","","","","","","","","","","","","","","",""
"Platypus","322739","0","0","0","1","0","0","0","0","0","0","0","3","","","","","","120474867","5.57015","6.35703","1.1111","10167","433","thing","Platypus","2","8","30","30","30","2021","4,5,6","6","10+","Unplayable in another language","","","","","","standalone","","","","","","","","","","","","","","",""
"Poetry for Neanderthals","312786","0","0","0","1","0","0","0","0","0","0","0","3","","","","","","106762348","6.04318","6.66398","1.0645","2667","6785","thing","Poetry for Neanderthals","2","12","15","15","15","2020","4,5,6,7,8,9,10,11,12","6,8","8+","Extensive use of text - massive conversion needed to be playable","","","","","","standalone","","","","","","","","","","","","","","",""
"Poetry for Neanderthals: More Cards Box 1","351880","0","0","0","1","0","0","0","0","0","0","0","3","","","","","","106762969","5.53509","7.57895","1","0","416","thing","Poetry for Neanderthals: More Cards Box 1","2","12","15","0","15","2021","","","","","","","","","","expansion","","","","","","","","","","","","","","",""
"Poker","1115","0","0","0","1","0","0","0","0","0","0","0","3","","","","","","106762609","6.4684","6.71265","2.423","1286","10301","thing","Poker","2","10","60","60","60","1810","3,4,5,6,7,8,9","5,6","12+","No necessary in-game text","","","","","","standalone","","","","","","","","","","","","","","",""
"The Quacks of Quedlinburg","244521","0","0","0","1","0","0","0","0","0","0","0","3","","","","","","120475027","7.68226","7.82306","1.9476","65","77046","thing","The Quacks of Quedlinburg","2","4","45","45","45","2018","2,3,4","4","8+","Moderate in-game text - needs crib sheet or paste ups","","","","","","standalone","","","","","","","","","","","","","","",""
"The Queen's Gambit: The Board Game","346101","0","0","0","1","0","0","0","0","0","0","0","3","","","","","","109202180","5.50695","5.71366","1.4286","20496","322","thing","The Queen's Gambit: The Board Game","2","4","15","15","15","2021","3,4","3","8+","No necessary in-game text","","","","","","standalone","","","","","","","","","","","","","","",""
"The Queen's Gambit: The Board Game","346101","0","0","0","1","0","0","0","0","0","0","0","3","","","","","","120474920","5.50695","5.71366","1.4286","20496","322","thing","The Queen's Gambit: The Board Game","2","4","15","15","15","2021","3,4","3","8+","No necessary in-game text","","","","","","standalone","","","","","","","","","","","","","","",""
"RADIOACTIVE BUNNIEZ","340384","0","0","0","1","0","0","0","0","0","0","0","3","","","","","","109201844","0","7.94","1","0","32","thing","RADIOACTIVE BUNNIEZ","2","8","15","15","5","2021","","","","","","","","","","standalone","","","","","","","","","","","","","","",""
"Really Loud Librarians","378367","0","0","0","1","0","0","0","0","0","0","0","3","","","","","","106762278","5.53934","6.06768","1.25","13246","920","thing","Really Loud Librarians","2","12","20","20","15","2023","4,5,6","4,5,6","8+","","","","","","","standalone","","","","","","","","","","","","","","",""
"Really Loud Librarians","378367","0","0","0","1","0","0","0","0","0","0","0","3","","","","","","120474828","5.53934","6.06768","1.25","13246","920","thing","Really Loud Librarians","2","12","20","20","15","2023","4,5,6","4,5,6","8+","","","","","","","standalone","","","","","","","","","","","","","","",""
"The Resistance","41114","0","0","0","1","0","0","0","0","0","0","0","3","","","","","","106762491","7.07257","7.21329","1.5911","394","65008","thing","The Resistance","5","10","30","30","30","2009","5,6,7,8,9,10","7","12+","No necessary in-game text","","","","","","standalone","","","","","","","","","","","","","","",""
"Risk","181","0","0","0","1","0","0","0","0","0","0","0","3","","","","","","120474859","5.46041","5.59642","2.0659","25718","59902","thing","Risk","2","6","120","120","120","1959","3,4,5,6","4","8+","No necessary in-game text","","","","","","standalone","","","","","","","","","","","","","","",""
"The Rival Networks","292489","0","0","0","1","0","0","0","0","0","0","0","3","","","","","","120474743","5.65609","6.82983","2.2","6587","945","thing","The Rival Networks","2","2","45","45","30","2021","2","2","12+","","","","","","","standalone","","","","","","","","","","","","","","",""
"Rivals for Catan: Age of Darkness","93401","0","0","0","1","0","0","0","0","0","0","0","3","","","","","","106762231","5.97299","7.55","2.2692","0","3301","thing","Rivals for Catan: Age of Darkness","2","2","75","75","60","2011","2","2","12+","Extensive use of text - massive conversion needed to be playable","","","","","","expansion","","","","","","","","","","","","","","",""
"Rivals for Catan: Age of Enlightenment","127437","0","0","0","1","0","0","0","0","0","0","0","3","","","","","","106762230","5.93443","7.67927","2.2632","0","2828","thing","Rivals for Catan: Age of Enlightenment","2","2","75","75","75","2012","2","2","10+","Moderate in-game text - needs crib sheet or paste ups","","","","","","expansion","","","","","","","","","","","","","","",""
"Rivals for Catan: Deluxe","203219","8","0","0","1","0","0","0","0","0","0","0","3","","","","","","106762228","5.85158","7.13608","2.3571","0","2255","thing","Rivals for Catan: Deluxe","2","2","60","60","45","2016","2","2","8+","Moderate in-game text - needs crib sheet or paste ups","","","","","","standalone","","","","","","","","","","","","","","",""
"Root","237182","0","0","0","1","0","0","0","0","0","0","0","3","","","","","","120475020","7.88567","8.07457","3.8056","31","79348","thing","Root","2","4","90","90","60","2018","3,4","4","12+","Extensive use of text - massive conversion needed to be playable","","","","","","standalone","","","","","","","","","","","","","","",""
"Saboteur","9220","0","0","0","1","0","0","0","0","0","0","0","3","","","","","","106762559","6.42244","6.54585","1.3195","1394","57378","thing","Saboteur","3","10","30","30","30","2004","5,6,7,8,9,10","7,8","8+","No necessary in-game text","","","","","","standalone","","","","","","","","","","","","","","",""
"Sagrada","199561","0","0","0","1","0","0","0","0","0","0","0","3","","","","","","106762782","7.3336","7.47622","1.9168","205","67803","thing","Sagrada","1","4","45","45","30","2017","1,2,3,4","2","8+","Some necessary text - easily memorized or small crib sheet","","","","","","standalone","","","","","","","","","","","","","","",""
"Sagrada","199561","0","0","0","1","0","0","0","0","0","0","0","3","","","","","","120474958","7.3336","7.47622","1.9168","205","67803","thing","Sagrada","1","4","45","45","30","2017","1,2,3,4","2","8+","Some necessary text - easily memorized or small crib sheet","","","","","","standalone","","","","","","","","","","","","","","",""
"Sagrada: The Great Facades – Passion","263695","0","0","0","1","0","0","0","0","0","0","0","3","","","","","","109201899","6.28046","7.54312","2.2105","0","9187","thing","Sagrada: The Great Facades – Passion","1","4","45","45","30","2019","2,3,4","3","10+","Some necessary text - easily memorized or small crib sheet","","","","","","expansion","","","","","","","","","","","","","","",""
"Sagrada: The Great Facades – Passion","263695","0","0","0","1","0","0","0","0","0","0","0","3","","","","","","120474738","6.28046","7.54312","2.2105","0","9187","thing","Sagrada: The Great Facades – Passion","1","4","45","45","30","2019","2,3,4","3","10+","Some necessary text - easily memorized or small crib sheet","","","","","","expansion","","","","","","","","","","","","","","",""
"Santorini: New York","315631","0","0","0","1","0","0","0","0","0","0","0","3","","","","","","106762596","5.89341","7.00312","1.9091","3578","2870","thing","Santorini: New York","2","5","30","30","15","2020","2,3,4","3","8+","Some necessary text - easily memorized or small crib sheet","","","","","","standalone","","","","","","","","","","","","","","",""
"Santorini: New York","315631","0","0","0","1","0","0","0","0","0","0","0","3","","","","","","120474841","5.89341","7.00312","1.9091","3578","2870","thing","Santorini: New York","2","5","30","30","15","2020","2,3,4","3","8+","Some necessary text - easily memorized or small crib sheet","","","","","","standalone","","","","","","","","","","","","","","",""
"Secret Hitler","188834","0","0","0","1","0","0","0","0","0","0","0","3","","","","","","106763375","7.26718","7.5099","1.7369","245","41641","thing","Secret Hitler","5","10","45","45","45","2016","6,7,8,9,10","8,10","14+","Some necessary text - easily memorized or small crib sheet","","","","","","standalone","","","","","","","","","","","","","","",""
"Sequence","2375","0","0","0","1","0","0","0","0","0","0","0","3","","","","","","106762334","5.93079","6.12117","1.3154","3323","23982","thing","Sequence","2","12","30","30","10","1982","2,3,4,6","3,4","6+","No necessary in-game text","","","","","","standalone","","","","","","","","","","","","","","",""
"Sequence","2375","0","0","0","1","0","0","0","0","0","0","0","3","","","","","","120474764","5.93079","6.12117","1.3154","3323","23982","thing","Sequence","2","12","30","30","10","1982","2,3,4,6","3,4","6+","No necessary in-game text","","","","","","standalone","","","","","","","","","","","","","","",""
"Skull","92415","0","0","0","1","0","0","0","0","0","0","0","3","","","","","","106762822","7.02022","7.19099","1.1204","441","37419","thing","Skull","3","6","45","45","15","2011","3,4,5,6","5,6","8+","No necessary in-game text","","","","","","standalone","","","","","","","","","","","","","","",""
"Snakesss","337389","0","0","0","1","0","0","0","0","0","0","0","3","","","","","","109202192","5.70158","6.34795","1.1111","5706","2051","thing","Snakesss","4","8","20","20","20","2021","5,6,7,8","5,6","12+","Moderate in-game text - needs crib sheet or paste ups","","","","","","standalone","","","","","","","","","","","","","","",""
"Spy Connection","300148","0","0","0","1","0","0","0","0","0","0","0","3","","","","","","109201741","5.60057","6.53227","1.7222","8400","471","thing","Spy Connection","2","4","30","30","20","2021","2,3,4","3","8+","No necessary in-game text","","","","","","standalone","","","","","","","","","","","","","","",""
"Spy Connection","300148","0","0","0","1","0","0","0","0","0","0","0","3","","","","","","109201921","5.60057","6.53227","1.7222","8400","471","thing","Spy Connection","2","4","30","30","20","2021","2,3,4","3","8+","No necessary in-game text","","","","","","standalone","","","","","","","","","","","","","","",""
"Spy Connection","300148","0","0","0","1","0","0","0","0","0","0","0","3","","","","","","120475010","5.60057","6.53227","1.7222","8400","471","thing","Spy Connection","2","4","30","30","20","2021","2,3,4","3","8+","No necessary in-game text","","","","","","standalone","","","","","","","","","","","","","","",""
"Sticky Cthulhu","335131","0","0","0","1","0","0","0","0","0","0","0","3","","","","","","109202246","5.5577","6.40154","1","11141","479","thing","Sticky Cthulhu","2","6","15","15","15","2021","3,4,5,6","4,5","","","","","","","","standalone","","","","","","","","","","","","","","",""
"Sticky Cthulhu","335131","0","0","0","1","0","0","0","0","0","0","0","3","","","","","","120474723","5.5577","6.40154","1","11141","479","thing","Sticky Cthulhu","2","6","15","15","15","2021","3,4,5,6","4,5","","","","","","","","standalone","","","","","","","","","","","","","","",""
"Sushi Go Party!","192291","0","0","0","1","0","0","0","0","0","0","0","3","","","","","","106763025","7.24009","7.3944","1.3033","259","63866","thing","Sushi Go Party!","2","8","20","20","20","2016","2,3,4,5,6,7,8","4,5","8+","Some necessary text - easily memorized or small crib sheet","","","","","","standalone","","","","","","","","","","","","","","",""
"Sushi Go!","133473","8","0","0","1","0","0","0","0","0","0","0","3","","","","","","106762562","6.89296","7.00263","1.1587","588","84854","thing","Sushi Go!","2","5","15","15","15","2013","3,4,5","4","6+","No necessary in-game text","","","","","","standalone","","","","","","","","","","","","","","",""
"Taco Cat Goat Cheese Pizza","253664","0","0","0","1","0","0","0","0","0","0","0","3","","","","","","106762938","6.19253","6.58863","1.021","2045","16067","thing","Taco Cat Goat Cheese Pizza","2","8","30","30","10","2018","3,4,5,6,7,8","4,5,6","6+","No necessary in-game text","","","","","","standalone","","","","","","","","","","","","","","",""
"Tacocat Spelled Backwards","333373","7","0","0","1","0","0","0","0","0","0","0","3","","","","","","106762972","5.60712","6.31672","1.2308","8120","1741","thing","Tacocat Spelled Backwards","2","2","20","20","15","2021","2","2","8+","","","","","","","standalone","","","","","","","","","","","","","","",""
"Takaro!","296185","0","0","0","1","0","0","0","0","0","0","0","3","","","","","","106762425","0","7.13889","1","0","72","thing","Takaro!","2","8","15","15","10","2019","","","","","","","","","","standalone","","","","","","","","","","","","","","",""
"Takaro! Into the wild","340198","0","0","0","1","0","0","0","0","0","0","0","3","","","","","","106762401","0","6.75","1","0","18","thing","Takaro! Into the wild","2","8","10","10","5","2020","","","","","","","","","","standalone","","","","","","","","","","","","","","",""
"Takaro!: Bits + Bobs","340199","0","0","0","1","0","0","0","0","0","0","0","3","","","","","","106762416","0","6.75","0","0","19","thing","Takaro!: Bits + Bobs","2","8","10","10","5","2020","","","","","","","","","","standalone","","","","","","","","","","","","","","",""
"Takaro!: Feelings + Emotions","381342","0","0","0","1","0","0","0","0","0","0","0","3","","","","","","106762411","0","6.25","0","0","5","thing","Takaro!: Feelings + Emotions","2","8","10","10","5","2021","","","","","","","","","","standalone","","","","","","","","","","","","","","",""
"Ted Lasso Party Game","357984","0","0","0","1","0","0","0","0","0","0","0","3","","","","","","109201937","5.51613","6.02027","2.25","18118","463","thing","Ted Lasso Party Game","2","6","20","20","20","2022","3,4,5,6","1","","","","","","","","standalone","","","","","","","","","","","","","","",""
"Ted Lasso Party Game","357984","0","0","0","1","0","0","0","0","0","0","0","3","","","","","","120474865","5.51613","6.02027","2.25","18118","463","thing","Ted Lasso Party Game","2","6","20","20","20","2022","3,4,5,6","1","","","","","","","","standalone","","","","","","","","","","","","","","",""
"Teeter Tower","358051","0","0","0","1","0","0","0","0","0","0","0","3","","","","","","120475033","5.55242","6.73804","1","11642","250","thing","Teeter Tower","1","4","20","20","20","2022","1,2,3,4","2","","No necessary in-game text","","","","","","standalone","","","","","","","","","","","","","","",""
"Three Wise Words","337393","0","0","0","1","0","0","0","0","0","0","0","3","","","","","","109202231","5.51548","6.49444","1","18279","152","thing","Three Wise Words","4","99","20","20","20","2021","","","","","","","","","","standalone","","","","","","","","","","","","","","",""
"Throw Throw Avocado","340420","0","0","0","1","0","0","0","0","0","0","0","3","","","","","","106762911","5.61966","6.4505","1","7645","1995","thing","Throw Throw Avocado","2","6","15","15","15","2021","4,5,6","5,6","4+","No necessary in-game text","","","","","","standalone","","","","","","","","","","","","","","",""
"Throw Throw Burrito","274533","0","0","0","1","0","0","0","0","0","0","0","3","","","","","","109201818","5.95051","6.31888","1.1094","3187","14371","thing","Throw Throw Burrito","2","6","15","15","15","2019","3,4,5,6","4,5,6","8+","No necessary in-game text","","","","","","standalone","","","","","","","","","","","","","","",""
"Tic Tac K.O.: Dragons vs Unicorns","346296","0","0","0","1","0","0","0","0","0","0","0","3","","","","","","109202076","5.57513","6.49266","1","9834","960","thing","Tic Tac K.O.: Dragons vs Unicorns","2","4","60","60","30","2021","2,4","2,4","8+","Moderate in-game text - needs crib sheet or paste ups","","","","","","standalone","","","","","","","","","","","","","","",""
"Trash Pandas","216439","0","0","0","1","0","0","0","0","0","0","0","3","","","","","","106763288","6.03176","6.53835","1.375","2723","8124","thing","Trash Pandas","2","4","20","20","15","2017","2,3,4","3,4","6+","Some necessary text - easily memorized or small crib sheet","","","","","","standalone","","","","","","","","","","","","","","",""
"Twister","5894","0","0","0","1","0","0","0","0","0","0","0","3","","","","","","106762874","4.77971","4.55382","1.0803","26515","9513","thing","Twister","2","4","10","10","10","1966","2,3,4","3,4","5+","No necessary in-game text","","","","","","standalone","","","","","","","","","","","","","","",""
"Unstable Unicorns","234190","10","0","0","1","0","0","0","0","0","0","0","3","","","","","","106762292","5.94031","6.23861","1.5089","3271","26035","thing","Unstable Unicorns","2","8","60","60","30","2017","3,4,5,6","4,5","8+","Moderate in-game text - needs crib sheet or paste ups","","","","","","standalone","","","","","","","","","","","","","","",""
"Unstable Unicorns:  Nightmares Expansion Pack","349072","0","0","0","1","0","0","0","0","0","0","0","3","","","","","","106762307","5.55163","7.52192","2","0","738","thing","Unstable Unicorns:  Nightmares Expansion Pack","2","8","60","60","30","2021","","","","","","","","","","expansion","","","","","","","","","","","","","","",""
"Unstable Unicorns: Adventures","311080","0","0","0","1","0","0","0","0","0","0","0","3","","","","","","106762306","5.62393","7.38042","2","0","1407","thing","Unstable Unicorns: Adventures","2","8","60","60","30","2021","3,4,5,6,7","4,5","10+","","","","","","","expansion","","","","","","","","","","","","","","",""
"Unstable Unicorns: Apocalypse Expansion Pack","240977","0","0","0","1","0","0","0","0","0","0","0","3","","","","","","106762303","5.61203","6.7813","1.5","0","1635","thing","Unstable Unicorns: Apocalypse Expansion Pack","2","8","45","45","30","2017","4,5,6","5,6","8+","","","","","","","expansion","","","","","","","","","","","","","","",""
"Unstable Unicorns: Dragons Expansion Pack","243567","0","0","0","1","0","0","0","0","0","0","0","3","","","","","","106762296","5.81985","7.04575","1.3333","0","4859","thing","Unstable Unicorns: Dragons Expansion Pack","2","8","45","45","30","2018","3,4,5,6","5","6+","Extensive use of text - massive conversion needed to be playable","","","","","","expansion","","","","","","","","","","","","","","",""
"Unstable Unicorns: Rainbow Apocalypse Expansion Pack","243566","0","0","0","1","0","0","0","0","0","0","0","3","","","","","","106762297","5.77144","6.90726","2","0","4183","thing","Unstable Unicorns: Rainbow Apocalypse Expansion Pack","2","8","45","45","30","2018","3,4,5","4","8+","Extensive use of text - massive conversion needed to be playable","","","","","","expansion","","","","","","","","","","","","","","",""
"Unstable Unicorns: Unicorns of Legend Expansion Pack","263578","0","0","0","1","0","0","0","0","0","0","0","3","","","","","","106762299","5.74226","7.18942","1.5","0","2938","thing","Unstable Unicorns: Unicorns of Legend Expansion Pack","2","8","45","45","30","2018","3,4,5,6","4,5","8+","Extensive use of text - massive conversion needed to be playable","","","","","","expansion","","","","","","","","","","","","","","",""
"Walkie Talkie","351540","0","0","0","1","0","0","0","0","0","0","0","3","","","","","","109202186","5.58713","5.99827","1.0909","9108","1200","thing","Walkie Talkie","2","8","4","4","1","2022","2,3,4,5,6","4","8+","No necessary in-game text","","","","","","standalone","","","","","","","","","","","","","","",""
"Wavelength","262543","0","0","0","1","0","0","0","0","0","0","0","3","","","","","","106763270","7.00127","7.27253","1.1101","463","23178","thing","Wavelength","2","12","45","45","30","2019","4,5,6,7,8,9,10,11,12","6,8","10+","Moderate in-game text - needs crib sheet or paste ups","","","","","","standalone","","","","","","","","","","","","","","",""
"We're Doomed!","264806","0","0","0","1","0","0","0","0","0","0","0","3","","","","","","106762477","5.74872","6.44094","1.2","4959","1593","thing","We're Doomed!","4","10","15","15","15","2019","4,5,6,7,8,9,10","7,8,10","12+","Extensive use of text - massive conversion needed to be playable","","","","","","standalone","","","","","","","","","","","","","","",""
"World Changers","315624","0","0","0","1","0","0","0","0","0","0","0","3","","","","","","109201721","5.53265","6.13825","1.8571","14395","328","thing","World Changers","1","4","10","10","10","2021","3,4","4","8+","","","","","","","standalone","","","","","","","","","","","","","","",""
"You Lying Sack","374001","0","0","0","1","0","0","0","0","0","0","0","3","","","","","","106762464","5.49214","5.24964","1.6667","23503","213","thing","You Lying Sack","2","5","15","15","15","2022","3,4","4","","","","","","","","standalone","","","","","","","","","","","","","","",""
"You Lying Sack","374001","0","0","0","1","0","0","0","0","0","0","0","3","","","","","","120474807","5.49214","5.24964","1.6667","23503","213","thing","You Lying Sack","2","5","15","15","15","2022","3,4","4","","","","","","","","standalone","","","","","","","","","","","","","","",""
"You've Got Crabs","246759","0","0","0","1","0","0","0","0","0","0","0","3","","","","","","106762274","5.61386","5.96424","1.1667","7861","4324","thing","You've Got Crabs","4","10","20","20","15","2018","4,6,8,10","6,8","8+","No necessary in-game text","","","","","","standalone","","","","","","","","","","","","","","",""
"You've Got Crabs: Imitation Crab Expansion Kit","247572","0","0","0","1","0","0","0","0","0","0","0","3","","","","","","106762275","5.53441","6.42566","1","0","779","thing","You've Got Crabs: Imitation Crab Expansion Kit","4","10","20","20","15","2018","4,6,8","6","8+","","","","","","","expansion","","","","","","","","","","","","","","",""
"You've Got Crabs: Imitation Crab Expansion Kit","247572","0","0","0","1","0","0","0","0","0","0","0","3","","","","","","120474824","5.53441","6.42566","1","0","779","thing","You've Got Crabs: Imitation Crab Expansion Kit","4","10","20","20","15","2018","4,6,8","6","8+","","","","","","","expansion","","","","","","","","","","","","","","",""
"Zangle!","267006","0","0","0","1","0","0","0","0","0","0","0","3","","","","","","109201716","5.49604","5.26562","1","22886","179","thing","Zangle!","1","6","45","45","45","2019","","","","","","","","","","standalone","","","","","","","","","","","","","","",""
"Zangle!","267006","0","0","0","1","0","0","0","0","0","0","0","3","","","","","","120474874","5.49604","5.26562","1","22886","179","thing","Zangle!","1","6","45","45","45","2019","","","","","","","","","","standalone","","","","","","","","","","","","","","",""
"Zombie Dice","62871","0","0","0","1","0","0","0","0","0","0","0","3","","","","","","106762589","6.08195","6.22951","1.0942","2506","35857","thing","Zombie Dice","2","99","20","20","10","2010","2,3,4,5,6,7,8","4,5","6+","No necessary in-game text","","","","","","standalone","","","","","","","","","","","","","","",""
"Zombie Kittens","362202","0","0","0","1","0","0","0","0","0","0","0","3","","","","","","109201444","5.69568","6.575","1.1667","5801","3457","thing","Zombie Kittens","2","5","15","15","15","2022","3,4,5","4,5","10+","Some necessary text - easily memorized or small crib sheet","","","","","","standalone","","","","","","","","","","","","","","",""
"Звёздные войны: Тайное вторжение (Star Wars: Secret Invasion)","189504","0","0","0","1","0","0","0","0","0","0","0","3","","","","","","109227638","5.61368","7.01956","1","7868","273","thing","Звёздные войны: Тайное вторжение (Star Wars: Secret Invasion)","2","4","20","20","20","2015","3,4","4","8+","Some necessary text - easily memorized or small crib sheet","","","","","","standalone","","","","","","","","","","","","","","",""
